hex_id,Visits
8744c101effffff,1
8744c1044ffffff,1
8744c1046ffffff,1
8744c109dffffff,1
8744c10caffffff,1
8744c10d9ffffff,1
8744c10daffffff,1
8744c10f1ffffff,1
8744c1202ffffff,1
8744c120affffff,2
8744c1215ffffff,1
8744c1231ffffff,1
8744c1234ffffff,1
8744c1282ffffff,1
8744c1290ffffff,2
8744c1292ffffff,4
8744c1295ffffff,1
8744c129affffff,1
8744c129effffff,1
8744c12b3ffffff,1
8744c12b5ffffff,1
8744c1390ffffff,4
8744c139bffffff,2
8744c139effffff,1
8744c13a8ffffff,1
8744c13b2ffffff,1
8744c13b4ffffff,1
8744c1443ffffff,1
8744c1449ffffff,1
8744c1458ffffff,1
8744c145affffff,5
8744c145bffffff,1
8744c1481ffffff,1
8744c14e9ffffff,1
8744c1600ffffff,3
8744c1601ffffff,7
8744c1603ffffff,16
8744c1605ffffff,1
8744c1608ffffff,6
8744c1609ffffff,1
8744c160affffff,2
8744c160bffffff,1
8744c160cffffff,3
8744c160dffffff,1
8744c160effffff,3
8744c1610ffffff,8
8744c1611ffffff,5
8744c1612ffffff,6
8744c1613ffffff,27
8744c1614ffffff,8
8744c1615ffffff,9
8744c1616ffffff,7
8744c1618ffffff,2
8744c1619ffffff,9
8744c161affffff,4
8744c161bffffff,10
8744c161cffffff,11
8744c161dffffff,5
8744c161effffff,10
8744c1620ffffff,1
8744c1621ffffff,1
8744c1623ffffff,2
8744c1625ffffff,1
8744c1629ffffff,4
8744c162bffffff,3
8744c162dffffff,2
8744c162effffff,2
8744c1630ffffff,4
8744c1632ffffff,5
8744c1633ffffff,3
8744c1636ffffff,2
8744c1640ffffff,1
8744c1641ffffff,2
8744c1642ffffff,1
8744c1643ffffff,3
8744c1644ffffff,3
8744c1646ffffff,2
8744c164bffffff,1
8744c164dffffff,3
8744c164effffff,6
8744c1650ffffff,1
8744c1651ffffff,1
8744c1652ffffff,10
8744c1653ffffff,2
8744c1654ffffff,2
8744c1655ffffff,1
8744c1656ffffff,1
8744c1658ffffff,4
8744c1659ffffff,2
8744c165affffff,3
8744c165bffffff,2
8744c165effffff,3
8744c1660ffffff,4
8744c1661ffffff,1
8744c1664ffffff,3
8744c1666ffffff,3
8744c1668ffffff,2
8744c1669ffffff,1
8744c166affffff,1
8744c166bffffff,1
8744c166cffffff,6
8744c166dffffff,2
8744c1670ffffff,1
8744c1671ffffff,1
8744c1672ffffff,4
8744c1673ffffff,2
8744c1674ffffff,2
8744c1675ffffff,1
8744c1676ffffff,3
8744c1680ffffff,110
8744c1681ffffff,48
8744c1682ffffff,125
8744c1683ffffff,82
8744c1684ffffff,10
8744c1685ffffff,57
8744c1686ffffff,56
8744c1688ffffff,379
8744c1689ffffff,428
8744c168affffff,296
8744c168bffffff,436
8744c168cffffff,75
8744c168dffffff,87
8744c168effffff,65
8744c1690ffffff,66
8744c1691ffffff,88
8744c1692ffffff,15
8744c1693ffffff,176
8744c1694ffffff,71
8744c1695ffffff,76
8744c1696ffffff,110
8744c1698ffffff,402
8744c1699ffffff,262
8744c169affffff,70
8744c169bffffff,926
8744c169cffffff,103
8744c169dffffff,79
8744c169effffff,68
8744c16a0ffffff,25
8744c16a1ffffff,56
8744c16a2ffffff,10
8744c16a3ffffff,74
8744c16a5ffffff,6
8744c16a6ffffff,4
8744c16a8ffffff,40
8744c16a9ffffff,6
8744c16aaffffff,27
8744c16abffffff,30
8744c16acffffff,46
8744c16adffffff,12
8744c16aeffffff,65
8744c16b0ffffff,8
8744c16b1ffffff,28
8744c16b2ffffff,65
8744c16b3ffffff,9
8744c16b4ffffff,15
8744c16b6ffffff,11
8744c16c0ffffff,20
8744c16c1ffffff,1
8744c16c2ffffff,31
8744c16c3ffffff,10
8744c16c4ffffff,21
8744c16c5ffffff,12
8744c16c6ffffff,42
8744c16c8ffffff,3
8744c16c9ffffff,2
8744c16ccffffff,2
8744c16cdffffff,14
8744c16ceffffff,7
8744c16d0ffffff,57
8744c16d1ffffff,15
8744c16d2ffffff,231
8744c16d3ffffff,48
8744c16d4ffffff,15
8744c16d5ffffff,24
8744c16d6ffffff,241
8744c16d8ffffff,26
8744c16daffffff,80
8744c16dbffffff,18
8744c16dcffffff,29
8744c16ddffffff,9
8744c16deffffff,33
8744c16e0ffffff,2
8744c16e1ffffff,7
8744c16e2ffffff,2
8744c16e3ffffff,7
8744c16e4ffffff,14
8744c16e5ffffff,2
8744c16e6ffffff,1
8744c16eaffffff,2
8744c16ebffffff,3
8744c16ecffffff,7
8744c16eeffffff,5
8744c16f0ffffff,26
8744c16f1ffffff,58
8744c16f2ffffff,24
8744c16f3ffffff,64
8744c16f4ffffff,10
8744c16f5ffffff,14
8744c16f6ffffff,3
8744c1701ffffff,1
8744c1702ffffff,2
8744c1705ffffff,3
8744c170affffff,1
8744c170bffffff,2
8744c1712ffffff,2
8744c1719ffffff,1
8744c171cffffff,1
8744c1726ffffff,1
8744c1728ffffff,5
8744c1741ffffff,1
8744c1744ffffff,1
8744c1746ffffff,2
8744c1748ffffff,2
8744c174cffffff,2
8744c1750ffffff,1
8744c1753ffffff,1
8744c175bffffff,1
8744c175dffffff,1
8744c1764ffffff,1
8744c176affffff,1
8744c176dffffff,2
8744c176effffff,2
8744c1788ffffff,5
8744c1789ffffff,2
8744c178affffff,5
8744c178bffffff,2
8744c178cffffff,4
8744c178dffffff,12
8744c178effffff,10
8744c1794ffffff,1
8744c1796ffffff,1
8744c1798ffffff,2
8744c1799ffffff,2
8744c179affffff,16
8744c179bffffff,2
8744c179effffff,4
8744c17a0ffffff,1
8744c17a1ffffff,1
8744c17a5ffffff,1
8744c17a6ffffff,4
8744c17a9ffffff,1
8744c17abffffff,4
8744c17b5ffffff,1
8744c1a92ffffff,1
8744c304dffffff,1
8744c30ddffffff,1
8744c3141ffffff,1
8744c3145ffffff,2
8744c3169ffffff,1
8744c3200ffffff,1
8744c3201ffffff,2
8744c3203ffffff,1
8744c3206ffffff,1
8744c320cffffff,1
8744c321bffffff,1
8744c3241ffffff,1
8744c3244ffffff,11
8744c3245ffffff,1
8744c3246ffffff,6
8744c324effffff,1
8744c3254ffffff,3
8744c3256ffffff,1
8744c3259ffffff,2
8744c325dffffff,1
8744c3260ffffff,18
8744c3262ffffff,1
8744c3265ffffff,8
8744c3269ffffff,1
8744c326affffff,1
8744c326cffffff,1
8744c3275ffffff,3
8744c32a9ffffff,2
8744c32b2ffffff,1
8744c32c1ffffff,2
8744c32d2ffffff,1
8744c32e3ffffff,4
8744c32e4ffffff,3
8744c32e6ffffff,4
8744c32eaffffff,2
8744c3309ffffff,7
8744c330bffffff,1
8744c330cffffff,3
8744c3311ffffff,1
8744c3316ffffff,1
8744c331affffff,2
8744c3325ffffff,4
8744c3328ffffff,1
8744c3329ffffff,4
8744c332affffff,8
8744c332cffffff,2
8744c3330ffffff,3
8744c3334ffffff,1
8744c3340ffffff,1
8744c3341ffffff,4
8744c3346ffffff,2
8744c3349ffffff,2
8744c334cffffff,2
8744c3350ffffff,1
8744c3353ffffff,1
8744c3359ffffff,1
8744c335affffff,3
8744c335bffffff,1
8744c335cffffff,1
8744c335dffffff,4
8744c3360ffffff,1
8744c3361ffffff,1
8744c3363ffffff,3
8744c3364ffffff,12
8744c3366ffffff,1
8744c3368ffffff,3
8744c3369ffffff,8
8744c336bffffff,1
8744c336dffffff,2
8744c336effffff,2
8744c3371ffffff,2
8744c3372ffffff,1
8744c3373ffffff,2
8744c3374ffffff,18
8744c3375ffffff,1
8744c3382ffffff,1
8744c3388ffffff,1
8744c338effffff,4
8744c3669ffffff,4
8744c3721ffffff,1
8744c374affffff,1
8744c3754ffffff,1
8744c3764ffffff,1
8744c38c0ffffff,1
8744c3a00ffffff,2
8744c3a01ffffff,4
8744c3a02ffffff,5
8744c3a03ffffff,1
8744c3a04ffffff,1
8744c3a06ffffff,3
8744c3a08ffffff,5
8744c3a0affffff,6
8744c3a0bffffff,1
8744c3a0cffffff,10
8744c3a0dffffff,43
8744c3a0effffff,2
8744c3a10ffffff,5
8744c3a12ffffff,1
8744c3a14ffffff,4
8744c3a15ffffff,5
8744c3a18ffffff,2
8744c3a19ffffff,3
8744c3a1bffffff,1
8744c3a1dffffff,2
8744c3a20ffffff,1
8744c3a22ffffff,1
8744c3a23ffffff,3
8744c3a28ffffff,14
8744c3a29ffffff,1
8744c3a2affffff,8
8744c3a2bffffff,12
8744c3a2cffffff,2
8744c3a2dffffff,11
8744c3a2effffff,1
8744c3a31ffffff,1
8744c3a32ffffff,1
8744c3a33ffffff,5
8744c3a40ffffff,32
8744c3a41ffffff,117
8744c3a42ffffff,145
8744c3a43ffffff,46
8744c3a44ffffff,104
8744c3a45ffffff,14
8744c3a46ffffff,14
8744c3a48ffffff,198
8744c3a49ffffff,261
8744c3a4affffff,80
8744c3a4bffffff,78
8744c3a4cffffff,58
8744c3a4dffffff,368
8744c3a4effffff,66
8744c3a50ffffff,11
8744c3a51ffffff,103
8744c3a52ffffff,32
8744c3a53ffffff,18
8744c3a54ffffff,35
8744c3a55ffffff,32
8744c3a56ffffff,2
8744c3a58ffffff,34
8744c3a59ffffff,190
8744c3a5affffff,140
8744c3a5bffffff,81
8744c3a5cffffff,3
8744c3a5dffffff,33
8744c3a5effffff,26
8744c3a60ffffff,26
8744c3a61ffffff,43
8744c3a62ffffff,29
8744c3a63ffffff,58
8744c3a64ffffff,17
8744c3a65ffffff,41
8744c3a66ffffff,40
8744c3a68ffffff,255
8744c3a69ffffff,164
8744c3a6affffff,70
8744c3a6bffffff,328
8744c3a6cffffff,110
8744c3a6dffffff,140
8744c3a6effffff,203
8744c3a70ffffff,25
8744c3a71ffffff,5
8744c3a72ffffff,13
8744c3a73ffffff,11
8744c3a74ffffff,24
8744c3a75ffffff,16
8744c3a76ffffff,13
8744c3a81ffffff,1
8744c3a8cffffff,1
8744c3a8dffffff,3
8744c3a95ffffff,3
8744c3aa4ffffff,1
8744c3aa5ffffff,1
8744c3aa6ffffff,1
8744c3aaeffffff,1
8744c3ab4ffffff,1
8744c3ac1ffffff,1
8744c3ac3ffffff,5
8744c3ac4ffffff,1
8744c3ac5ffffff,8
8744c3ac6ffffff,3
8744c3ac8ffffff,3
8744c3ac9ffffff,21
8744c3acaffffff,5
8744c3acbffffff,47
8744c3accffffff,4
8744c3acdffffff,15
8744c3aceffffff,4
8744c3ad0ffffff,2
8744c3ad4ffffff,12
8744c3ad5ffffff,6
8744c3ad8ffffff,1
8744c3ad9ffffff,1
8744c3adaffffff,2
8744c3adcffffff,1
8744c3ae0ffffff,1
8744c3ae1ffffff,15
8744c3ae3ffffff,5
8744c3ae4ffffff,6
8744c3ae5ffffff,5
8744c3ae8ffffff,5
8744c3ae9ffffff,54
8744c3aeaffffff,7
8744c3aebffffff,2
8744c3aecffffff,6
8744c3aedffffff,12
8744c3aeeffffff,21
8744c3af3ffffff,1
8744c3af5ffffff,3
8744c3b08ffffff,1
8744c3b09ffffff,1
8744c3b40ffffff,1
8744c3b42ffffff,1
8744c3b45ffffff,3
8744c3b48ffffff,40
8744c3b49ffffff,36
8744c3b4affffff,2
8744c3b4bffffff,47
8744c3b4cffffff,3
8744c3b4dffffff,33
8744c3b4effffff,4
8744c3b50ffffff,1
8744c3b51ffffff,1
8744c3b52ffffff,1
8744c3b53ffffff,11
8744c3b58ffffff,2
8744c3b59ffffff,10
8744c3b5affffff,6
8744c3b5cffffff,18
8744c3b5dffffff,22
8744c3b69ffffff,1
8744c3b6bffffff,8
8744c3b6dffffff,2
8744c3b71ffffff,1
8744c3b75ffffff,1
8744c3b76ffffff,3
8744c3b89ffffff,3
8744ce022ffffff,1
8744ce026ffffff,1
8744ce030ffffff,6
8744ce032ffffff,1
8744ce034ffffff,1
8744ce0b2ffffff,2
8744ce100ffffff,2
8744ce113ffffff,1
8744ce11affffff,1
8744ce136ffffff,2
8744ce15cffffff,7
8744ce185ffffff,1
8744ce198ffffff,1
8744ce19dffffff,3
8744ce1a6ffffff,1
8744ce1a9ffffff,2
8744ce1adffffff,1
8744ce1b5ffffff,1
8744ce426ffffff,1
8744ce432ffffff,1
8744ce434ffffff,2
8744ce435ffffff,1
8744ce513ffffff,2
8744ce520ffffff,2
8744ce532ffffff,1
8744ce546ffffff,1
8744ce54cffffff,1
8744ce561ffffff,1
8744ce564ffffff,1
8744ce565ffffff,4
8744ce575ffffff,4
8744ce596ffffff,1
8744ce5a1ffffff,2
8744ce5a6ffffff,1
8744ce5a8ffffff,1
8744ce5abffffff,1
8744ce800ffffff,1
8744ce805ffffff,4
8744ce811ffffff,1
8744ce813ffffff,3
8744ce81affffff,1
8744ce826ffffff,1
8744ce82affffff,2
8744ce836ffffff,1
8744ce854ffffff,1
8744ce85cffffff,1
8744ce860ffffff,1
8744ce86effffff,2
8744ce884ffffff,6
8744ce885ffffff,2
8744ce892ffffff,1
8744ce893ffffff,1
8744ce896ffffff,2
8744ce898ffffff,1
8744ce89affffff,1
8744ce89bffffff,2
8744ce89effffff,1
8744ce8a0ffffff,3
8744ce8a8ffffff,1
8744ce8a9ffffff,1
8744ce8b1ffffff,4
8744ce8b2ffffff,2
8744ce8b4ffffff,1
8744ce8b6ffffff,2
8744ce8c1ffffff,1
8744ce8c9ffffff,1
8744ce8d4ffffff,3
8744ce8daffffff,1
8744ce8eaffffff,1
8744ce90bffffff,1
8744ce92dffffff,1
8744ce951ffffff,2
8744ce953ffffff,1
8744ce970ffffff,1
8744ce980ffffff,4
8744ce982ffffff,12
8744ce983ffffff,1
8744ce984ffffff,2
8744ce986ffffff,1
8744ce991ffffff,11
8744ce992ffffff,1
8744ce993ffffff,10
8744ce994ffffff,2
8744ce995ffffff,3
8744ce998ffffff,4
8744ce999ffffff,2
8744ce99affffff,7
8744ce99bffffff,1
8744ce99cffffff,3
8744ce99effffff,2
8744ce9a2ffffff,2
8744ce9a3ffffff,1
8744ce9a4ffffff,9
8744ce9a6ffffff,11
8744ce9a8ffffff,2
8744ce9b0ffffff,2
8744ce9b2ffffff,2
8744ce9b3ffffff,4
8744ce9b4ffffff,1
8744ce9b5ffffff,3
8744ce9b6ffffff,2
8744ceb31ffffff,1
8744cec00ffffff,11
8744cec01ffffff,11
8744cec03ffffff,2
8744cec05ffffff,6
8744cec06ffffff,1
8744cec0affffff,14
8744cec0bffffff,2
8744cec10ffffff,8
8744cec11ffffff,5
8744cec12ffffff,2
8744cec13ffffff,47
8744cec14ffffff,8
8744cec15ffffff,16
8744cec16ffffff,8
8744cec18ffffff,2
8744cec19ffffff,5
8744cec1affffff,2
8744cec1cffffff,2
8744cec1dffffff,5
8744cec1effffff,3
8744cec20ffffff,31
8744cec21ffffff,5
8744cec22ffffff,1
8744cec23ffffff,3
8744cec24ffffff,9
8744cec25ffffff,19
8744cec26ffffff,26
8744cec28ffffff,2
8744cec2cffffff,1
8744cec2dffffff,3
8744cec2effffff,10
8744cec30ffffff,35
8744cec32ffffff,44
8744cec33ffffff,22
8744cec34ffffff,118
8744cec35ffffff,109
8744cec36ffffff,22
8744cec46ffffff,1
8744cec49ffffff,1
8744cec4affffff,1
8744cec4dffffff,1
8744cec4effffff,1
8744cec53ffffff,6
8744cec54ffffff,2
8744cec56ffffff,2
8744cec5affffff,1
8744cec5bffffff,3
8744cec60ffffff,1
8744cec65ffffff,1
8744cec66ffffff,1
8744cec68ffffff,1
8744cec70ffffff,3
8744cec73ffffff,1
8744cec74ffffff,5
8744cec75ffffff,1
8744cec76ffffff,1
8744cec80ffffff,3
8744cec81ffffff,6
8744cec82ffffff,3
8744cec84ffffff,4
8744cec85ffffff,5
8744cec86ffffff,15
8744cec88ffffff,6
8744cec89ffffff,1
8744cec8affffff,1
8744cec8bffffff,2
8744cec8cffffff,3
8744cec8effffff,8
8744cec95ffffff,1
8744cec96ffffff,3
8744cec98ffffff,3
8744cec9effffff,4
8744ceca0ffffff,8
8744ceca1ffffff,3
8744ceca4ffffff,17
8744ceca5ffffff,11
8744ceca8ffffff,2
8744ceca9ffffff,2
8744cecaaffffff,10
8744cecabffffff,1
8744cecacffffff,1
8744cecadffffff,8
8744cecb1ffffff,1
8744cecb2ffffff,9
8744cecb3ffffff,1
8744cecb4ffffff,21
8744cecb5ffffff,3
8744cecb6ffffff,6
8744cecc2ffffff,1
8744cecc8ffffff,1
8744cecc9ffffff,2
8744ceccaffffff,4
8744ceccbffffff,4
8744cecccffffff,1
8744cecceffffff,2
8744cecd5ffffff,2
8744cecd8ffffff,1
8744cecdbffffff,1
8744cecddffffff,1
8744cece2ffffff,1
8744cece6ffffff,2
8744cece8ffffff,1
8744ceceaffffff,4
8744cecebffffff,4
8744ceceeffffff,2
8744cecf0ffffff,1
8744cecf1ffffff,1
8744cecf2ffffff,2
8744cecf6ffffff,2
8744ced00ffffff,45
8744ced01ffffff,24
8744ced02ffffff,50
8744ced03ffffff,101
8744ced04ffffff,169
8744ced05ffffff,117
8744ced06ffffff,742
8744ced08ffffff,77
8744ced09ffffff,15
8744ced0affffff,153
8744ced0bffffff,20
8744ced0cffffff,60
8744ced0dffffff,25
8744ced0effffff,87
8744ced10ffffff,20
8744ced11ffffff,93
8744ced12ffffff,30
8744ced13ffffff,76
8744ced14ffffff,101
8744ced15ffffff,169
8744ced16ffffff,94
8744ced18ffffff,44
8744ced19ffffff,77
8744ced1affffff,19
8744ced1bffffff,31
8744ced1cffffff,6
8744ced1dffffff,176
8744ced1effffff,48
8744ced20ffffff,92
8744ced21ffffff,516
8744ced22ffffff,328
8744ced23ffffff,31
8744ced24ffffff,276
8744ced25ffffff,213
8744ced26ffffff,269
8744ced28ffffff,148
8744ced29ffffff,100
8744ced2affffff,46
8744ced2bffffff,17
8744ced2cffffff,445
8744ced2dffffff,56
8744ced2effffff,340
8744ced30ffffff,983
8744ced31ffffff,469
8744ced32ffffff,418
8744ced33ffffff,392
8744ced34ffffff,167
8744ced35ffffff,1593
8744ced36ffffff,880
8744ced40ffffff,3
8744ced42ffffff,3
8744ced43ffffff,1
8744ced44ffffff,13
8744ced45ffffff,8
8744ced46ffffff,2
8744ced49ffffff,5
8744ced4dffffff,2
8744ced4effffff,1
8744ced50ffffff,4
8744ced51ffffff,1
8744ced52ffffff,3
8744ced53ffffff,1
8744ced54ffffff,16
8744ced56ffffff,9
8744ced59ffffff,1
8744ced5affffff,2
8744ced5cffffff,1
8744ced62ffffff,5
8744ced63ffffff,1
8744ced64ffffff,12
8744ced65ffffff,7
8744ced66ffffff,7
8744ced68ffffff,5
8744ced69ffffff,5
8744ced6affffff,1
8744ced6bffffff,4
8744ced6dffffff,3
8744ced70ffffff,8
8744ced71ffffff,8
8744ced72ffffff,25
8744ced73ffffff,7
8744ced74ffffff,47
8744ced75ffffff,13
8744ced76ffffff,58
8744ced80ffffff,343
8744ced81ffffff,177
8744ced82ffffff,7
8744ced83ffffff,10
8744ced84ffffff,119
8744ced85ffffff,120
8744ced86ffffff,34
8744ced88ffffff,7
8744ced89ffffff,13
8744ced8affffff,20
8744ced8bffffff,4
8744ced8cffffff,3
8744ced8dffffff,15
8744ced8effffff,23
8744ced90ffffff,27
8744ced91ffffff,16
8744ced92ffffff,8
8744ced93ffffff,3
8744ced94ffffff,8
8744ced95ffffff,30
8744ced96ffffff,6
8744ced98ffffff,2
8744ced99ffffff,27
8744ced9affffff,4
8744ced9bffffff,16
8744ced9cffffff,2
8744ced9dffffff,16
8744ced9effffff,5
8744ceda0ffffff,97
8744ceda1ffffff,40
8744ceda2ffffff,59
8744ceda3ffffff,24
8744ceda4ffffff,47
8744ceda5ffffff,68
8744ceda6ffffff,59
8744ceda8ffffff,3
8744cedaaffffff,21
8744cedabffffff,20
8744cedacffffff,8
8744cedadffffff,48
8744cedaeffffff,13
8744cedb0ffffff,20
8744cedb1ffffff,26
8744cedb2ffffff,17
8744cedb3ffffff,2
8744cedb4ffffff,13
8744cedb5ffffff,90
8744cedb6ffffff,17
8744dd902ffffff,1
8744dd921ffffff,2
8744dd932ffffff,1
